Predictor variable,Categorical,Sample average
ppt9,false,1577.2936248779297
tmean9,false,16.600794196128845
vpdmin9,false,1.1148750521242619
