Predictor variable,Categorical,Sample average
ppt9,false,1572.9600040211396
tmean9,false,16.592774447272806
vpdmin9,false,1.1133529964615316
