Predictor variable,Categorical,Sample average
ppt11,false,1037.083113606771
tmean11,false,18.585694334242078
vpdmax11,false,19.785156461927627
vpdmin11,false,0.8378222544987997
