Predictor variable,Categorical,Sample average
ppt11,false,1035.2999997346299
tmean11,false,18.547570601753566
vpdmax11,false,19.59745742963708
vpdmin11,false,0.8503043845943783
