Predictor variable,Categorical,Sample average
ppt11,false,1028.7828276261039
tmean11,false,18.354816975800887
vpdmax11,false,19.59537054144818
vpdmin11,false,0.8641739494126776
