Predictor variable,Categorical,Sample average
ppt11,false,1037.821307638417
tmean11,false,18.47706056677777
vpdmax11,false,19.593435743580695
vpdmin11,false,0.8589782980473145
