Predictor variable,Categorical,Sample average
ppt11,false,1027.036525560462
tmean11,false,18.493588696355406
vpdmax11,false,19.656566163767938
vpdmin11,false,0.8884565587276998
