Predictor variable,Categorical,Sample average
ppt11,false,1025.371954196837
tmean11,false,18.392254061815215
vpdmax11,false,19.878464373146617
vpdmin11,false,0.8458780864389931
