Predictor variable,Categorical,Sample average
ppt11,false,1037.0532651154892
tmean11,false,18.532099599423617
vpdmax11,false,19.616000921829887
vpdmin11,false,0.8879782985086027
