Predictor variable,Categorical,Sample average
ppt11,false,1027.2615237028701
tmean11,false,18.41079790695854
vpdmax11,false,19.720609664916992
vpdmin11,false,0.8480000340420267
