Predictor variable,Categorical,Sample average
ppt11,false,1027.240871263587
tmean11,false,18.36224725972051
vpdmax11,false,19.583131375520125
vpdmin11,false,0.8628696028305136
