Predictor variable,Categorical,Sample average
ppt11,false,1041.0423942234206
tmean11,false,18.466945565265156
vpdmax11,false,19.591196619946025
vpdmin11,false,0.8307391664256221
