Predictor variable,Categorical,Sample average
ppt11,false,1022.3299998407779
tmean11,false,18.496695559957754
vpdmax11,false,19.75345750477003
vpdmin11,false,0.8658913416059121
