Predictor variable,Categorical,Sample average
ppt9,false,1574.2650703296326
tmean9,false,17.985130075822795
vpdmin9,false,1.0440702197844522
