Predictor variable,Categorical,Sample average
ppt9,false,1577.7175027598505
tmean9,false,18.248491909192957
vpdmin9,false,0.9908913490564927
