Predictor variable,Categorical,Sample average
ppt9,false,1583.7098919412365
tmean9,false,18.259299817292586
vpdmin9,false,0.9965869978718136
