Predictor variable,Categorical,Sample average
ppt9,false,1582.0314835258152
tmean9,false,18.207569744275965
vpdmin9,false,1.0243261326914248
