Predictor variable,Categorical,Sample average
ppt9,false,1585.5112172002378
tmean9,false,18.188175781913426
vpdmin9,false,1.0172609168550242
