Predictor variable,Categorical,Sample average
ppt11,false,1019.3853041704963
tmean11,false,16.960948383106906
vpdmax11,false,18.776059655582202
vpdmin11,false,0.758411796653972
