Predictor variable,Categorical,Sample average
ppt11,false,1029.9188304227941
tmean11,false,16.91828177956974
vpdmax11,false,18.75305961160099
vpdmin11,false,0.746294147828046
