Predictor variable,Categorical,Sample average
ppt11,false,1027.6458883846508
tmean11,false,16.965759726131665
vpdmax11,false,18.74776559717515
vpdmin11,false,0.7672941509415122
