Predictor variable,Categorical,Sample average
ppt11,false,1010.5394143497242
tmean11,false,16.91403164583094
vpdmax11,false,18.66823611539953
vpdmin11,false,0.7869412127663108
