Predictor variable,Categorical,Sample average
ppt11,false,1012.7117704503677
tmean11,false,16.94490926405963
vpdmax11,false,18.747294930850757
vpdmin11,false,0.789705918115728
