Predictor variable,Categorical,Sample average
ppt11,false,1033.6043815612793
tmean11,false,16.930346250534058
vpdmax11,false,18.68418824672699
vpdmin11,false,0.7775625362992287
