Predictor variable,Categorical,Sample average
ppt11,false,1009.6052964154412
tmean11,false,16.914916543399585
vpdmax11,false,18.649824366850012
vpdmin11,false,0.7861176834386938
