Predictor variable,Categorical,Sample average
ppt11,false,1018.9188268324908
tmean11,false,16.96754893134622
vpdmax11,false,18.72300080692067
vpdmin11,false,0.7744117975234985
