Predictor variable,Categorical,Sample average
ppt11,false,1038.130593692555
tmean11,false,16.929887210621555
vpdmax11,false,18.655236075906192
vpdmin11,false,0.773058856234831
