Predictor variable,Categorical,Sample average
ppt11,false,1013.6905948414523
tmean11,false,16.951494890100815
vpdmax11,false,18.77253027523265
vpdmin11,false,0.7770588573287515
