Predictor variable,Categorical,Sample average
ppt11,false,1029.848893907335
tmean11,false,16.977569262186687
vpdmax11,false,18.71622308095296
vpdmin11,false,0.7773333688577017
