,Marker,pvalue
1, alt,0.00206366
2, bio2,0.8172238
3, bio3,2.86E-06
4, bio5,0.00083007
5, bio6,5.86E-07
6, bio8,0.3361599
7, bio9,3.73E-06
8, bio12,5.70E-05
9, bio13,0.01422357
10, bio14,2.70E-05
11, bio19,0.09187513
