Predictor variable,Categorical,Sample average
ppt9,false,1582.9137516021729
tmean9,false,17.853698551654816
vpdmin9,false,1.0361719215288758
