Predictor variable,Categorical,Sample average
ppt9,false,1570.5310821533203
tmean9,false,17.979357421398163
vpdmin9,false,1.0265625463798642
