Predictor variable,Categorical,Sample average
ppt9,false,1585.3226337735616
tmean9,false,17.768986141870894
vpdmin9,false,1.0528889355205355
