Predictor variable,Categorical,Sample average
ppt9,false,1579.9000625610352
tmean9,false,17.852112621068954
vpdmin9,false,1.0174687961116433
