Predictor variable,Categorical,Sample average
ppt11,false,1035.183750152588
tmean11,false,18.17258581519127
vpdmax11,false,19.445485293865204
vpdmin11,false,0.8335312851704657
