Predictor variable,Categorical,Sample average
ppt11,false,1030.850938796997
tmean11,false,18.005327373743057
vpdmax11,false,19.3306103348732
vpdmin11,false,0.8519375370815396
