Predictor variable,Categorical,Sample average
ppt11,false,1031.8942222595215
tmean11,false,18.098595589399338
vpdmax11,false,19.398016542196274
vpdmin11,false,0.8271875355858356
