Predictor variable,Categorical,Sample average
ppt11,false,1029.6189489531935
tmean11,false,18.173511672438238
vpdmax11,false,19.52510616235566
vpdmin11,false,0.8474561755071607
