Predictor variable,Categorical,Sample average
ppt11,false,1036.2874639601935
tmean11,false,18.229204268682572
vpdmax11,false,19.556064439198327
vpdmin11,false,0.8363016243018802
