Predictor variable,Categorical,Sample average
ppt11,false,1031.9775037765503
tmean11,false,17.97680526971817
vpdmax11,false,19.40682902932167
vpdmin11,false,0.8405625354498625
