Predictor variable,Categorical,Sample average
ppt11,false,1028.1026582717896
tmean11,false,18.089165925979614
vpdmax11,false,19.269047796726227
vpdmin11,false,0.8381875345949084
