Predictor variable,Categorical,Sample average
ppt11,false,1033.7315645217896
tmean11,false,18.080938071012497
vpdmax11,false,19.31193843483925
vpdmin11,false,0.8170937858521938
