Predictor variable,Categorical,Sample average
ppt11,false,1035.2800025939941
tmean11,false,18.16085860133171
vpdmax11,false,19.40014150738716
vpdmin11,false,0.8513906616717577
