Predictor variable,Categorical,Sample average
ppt11,false,1029.8379726409912
tmean11,false,18.192062377929688
vpdmax11,false,19.531079083681107
vpdmin11,false,0.8466406622901559
