Predictor variable,Categorical,Sample average
ppt11,false,1023.4953174591064
tmean11,false,18.173017501831055
vpdmax11,false,19.52086029946804
vpdmin11,false,0.8613281636498868
